Ticket No.,QR Data,@img
A0001,uYBxcW,uYBxcW.tif
A0002,LMMZLv,LMMZLv.tif
A0003,NiMOvn,NiMOvn.tif
A0004,ZLSGPs,ZLSGPs.tif
A0005,JZRucL,JZRucL.tif
A0006,HzWQxt,HzWQxt.tif
A0007,GnfCNi,GnfCNi.tif
A0008,OrEsmr,OrEsmr.tif
A0009,MeuYNg,MeuYNg.tif
A0010,KwNftb,KwNftb.tif
A0011,bPvQjq,bPvQjq.tif
A0012,WZRxRR,WZRxRR.tif
A0013,jQgcPU,jQgcPU.tif
A0014,UItMQq,UItMQq.tif
A0015,qzylTB,qzylTB.tif
A0016,CDkCjk,CDkCjk.tif
A0017,vEUiTp,vEUiTp.tif
A0018,OsBqXi,OsBqXi.tif
A0019,vLqWka,vLqWka.tif
A0020,aaCZhR,aaCZhR.tif
A0021,fhRaYg,fhRaYg.tif
A0022,gMzGLm,gMzGLm.tif
A0023,GpZZzS,GpZZzS.tif
A0024,ScIfut,ScIfut.tif
A0025,AiGfIo,AiGfIo.tif
A0026,aEOagU,aEOagU.tif
A0027,FYInqB,FYInqB.tif
A0028,BodqWo,BodqWo.tif
A0029,rKTqcS,rKTqcS.tif
A0030,PdlWBP,PdlWBP.tif
A0031,EefpDh,EefpDh.tif
A0032,SRCznt,SRCznt.tif
A0033,BvJUVd,BvJUVd.tif
A0034,CUVoIt,CUVoIt.tif
A0035,hhBUhp,hhBUhp.tif
A0036,EzBMYL,EzBMYL.tif
A0037,LjRIYP,LjRIYP.tif
A0038,igRpBv,igRpBv.tif
A0039,qmLcYF,qmLcYF.tif
A0040,sHQAfI,sHQAfI.tif
A0041,BFwTGW,BFwTGW.tif
A0042,VVaHvI,VVaHvI.tif
A0043,FpQarK,FpQarK.tif
A0044,nbWWUs,nbWWUs.tif
A0045,DqxFDa,DqxFDa.tif
A0046,egMyTi,egMyTi.tif
A0047,XTuHNn,XTuHNn.tif
A0048,iCysPd,iCysPd.tif
A0049,grFAUe,grFAUe.tif
A0050,lGsyMo,lGsyMo.tif
A0051,xUDmvq,xUDmvq.tif
A0052,hlznXU,hlznXU.tif
A0053,ARGdSl,ARGdSl.tif
A0054,JvisuQ,JvisuQ.tif
A0055,BBHjKf,BBHjKf.tif
A0056,ncnFAf,ncnFAf.tif
A0057,pPeMCo,pPeMCo.tif
A0058,EvRarO,EvRarO.tif
A0059,YGwdlj,YGwdlj.tif
A0060,lVREBq,lVREBq.tif
A0061,ANhZGU,ANhZGU.tif
A0062,ugFCTl,ugFCTl.tif
A0063,TCrpfJ,TCrpfJ.tif
A0064,DpwAYQ,DpwAYQ.tif
A0065,DiSCqS,DiSCqS.tif
A0066,sHGKFq,sHGKFq.tif
A0067,lPJIeh,lPJIeh.tif
A0068,FuBJJL,FuBJJL.tif
A0069,ulamSN,ulamSN.tif
A0070,VfyGZz,VfyGZz.tif
A0071,EtCrmR,EtCrmR.tif
A0072,HydYPl,HydYPl.tif
A0073,xpZLaz,xpZLaz.tif
A0074,HPWtOI,HPWtOI.tif
A0075,pGDHcR,pGDHcR.tif
A0076,frcdiM,frcdiM.tif
A0077,jkonPi,jkonPi.tif
A0078,fqZUWQ,fqZUWQ.tif
A0079,HMjpnt,HMjpnt.tif
A0080,sqmVMh,sqmVMh.tif
A0081,ViToTF,ViToTF.tif
A0082,KSYTje,KSYTje.tif
A0083,FYAyqP,FYAyqP.tif
A0084,gLBtpc,gLBtpc.tif
A0085,OyQNsl,OyQNsl.tif
A0086,VjctpB,VjctpB.tif
A0087,loHgmc,loHgmc.tif
A0088,tMIbnw,tMIbnw.tif
A0089,UJyCCL,UJyCCL.tif
A0090,pguhHy,pguhHy.tif
A0091,oStmUd,oStmUd.tif
A0092,OyMMaI,OyMMaI.tif
A0093,DkwIWD,DkwIWD.tif
A0094,EoInxJ,EoInxJ.tif
A0095,SuXxzl,SuXxzl.tif
A0096,XBUyFU,XBUyFU.tif
A0097,dGKnQb,dGKnQb.tif
A0098,eSNRIp,eSNRIp.tif
A0099,mkaufe,mkaufe.tif
A0100,ZInUzR,ZInUzR.tif
A0101,CIkLAQ,CIkLAQ.tif
A0102,tUGPLh,tUGPLh.tif
A0103,aRcWWS,aRcWWS.tif
A0104,XejmUr,XejmUr.tif
A0105,mcrwKZ,mcrwKZ.tif
A0106,Dgklbn,Dgklbn.tif
A0107,lwviPc,lwviPc.tif
A0108,IzUHoC,IzUHoC.tif
A0109,zKzjAN,zKzjAN.tif
A0110,avhIos,avhIos.tif
A0111,ZSaUSA,ZSaUSA.tif
A0112,sfmEfE,sfmEfE.tif
A0113,Jsviss,Jsviss.tif
A0114,kkmQkA,kkmQkA.tif
A0115,gfSYWJ,gfSYWJ.tif
A0116,PaghNH,PaghNH.tif
A0117,lhNlqs,lhNlqs.tif
A0118,yYcXTN,yYcXTN.tif
A0119,hvclwq,hvclwq.tif
A0120,gUREaz,gUREaz.tif
A0121,NRQIaL,NRQIaL.tif
A0122,rdwNeD,rdwNeD.tif
A0123,qnascq,qnascq.tif
A0124,iRiMlW,iRiMlW.tif
A0125,GPxxig,GPxxig.tif
A0126,cGZwiw,cGZwiw.tif
A0127,AukPjj,AukPjj.tif
A0128,ReLUIT,ReLUIT.tif
A0129,yDvhFa,yDvhFa.tif
A0130,ZdbSZv,ZdbSZv.tif
A0131,RkUReO,RkUReO.tif
A0132,IssXiJ,IssXiJ.tif
A0133,BkjMxa,BkjMxa.tif
A0134,lpJsqU,lpJsqU.tif
A0135,fXTayI,fXTayI.tif
A0136,wFuHVk,wFuHVk.tif
A0137,MWKkpN,MWKkpN.tif
A0138,owAeot,owAeot.tif
A0139,afuElf,afuElf.tif
A0140,wAorPN,wAorPN.tif
A0141,NwBfEA,NwBfEA.tif
A0142,zfkWjf,zfkWjf.tif
A0143,MUjGep,MUjGep.tif
A0144,hQVJtE,hQVJtE.tif
A0145,fdCiaz,fdCiaz.tif
A0146,gnEcHE,gnEcHE.tif
A0147,EnXHjG,EnXHjG.tif
A0148,LSFJJR,LSFJJR.tif
A0149,sEORDq,sEORDq.tif
A0150,uqypkO,uqypkO.tif
A0151,LRblYh,LRblYh.tif
A0152,crWrlR,crWrlR.tif
A0153,AvWcyL,AvWcyL.tif
A0154,auibjq,auibjq.tif
A0155,fRKuMt,fRKuMt.tif
A0156,RNPYIa,RNPYIa.tif
A0157,dGdtYJ,dGdtYJ.tif
A0158,CypXJD,CypXJD.tif
A0159,IrQHfv,IrQHfv.tif
A0160,XtiWfv,XtiWfv.tif
A0161,vTmTBb,vTmTBb.tif
A0162,OTGKSf,OTGKSf.tif
A0163,YmskXn,YmskXn.tif
A0164,VQiBXh,VQiBXh.tif
A0165,PYUDLw,PYUDLw.tif
A0166,zeBgsE,zeBgsE.tif
A0167,zXKQZD,zXKQZD.tif
A0168,AeaYPr,AeaYPr.tif
A0169,oMhGSH,oMhGSH.tif
A0170,ofmKKQ,ofmKKQ.tif
A0171,EKgKbN,EKgKbN.tif
A0172,YIhnCs,YIhnCs.tif
A0173,AKjGQC,AKjGQC.tif
A0174,hCkHVF,hCkHVF.tif
A0175,oZDQMb,oZDQMb.tif
A0176,FoqJKx,FoqJKx.tif
A0177,JpMFWC,JpMFWC.tif
A0178,GCKKWk,GCKKWk.tif
A0179,oBkxfi,oBkxfi.tif
A0180,UMkJDg,UMkJDg.tif
A0181,bxWBcf,bxWBcf.tif
A0182,JECnun,JECnun.tif
A0183,iPhfkM,iPhfkM.tif
A0184,nmSRZL,nmSRZL.tif
A0185,twlBqs,twlBqs.tif
A0186,kbGwzk,kbGwzk.tif
A0187,qpThLa,qpThLa.tif
A0188,spPixF,spPixF.tif
A0189,kOioin,kOioin.tif
A0190,XMkLMk,XMkLMk.tif
A0191,VcKhLe,VcKhLe.tif
A0192,aeJYyP,aeJYyP.tif
A0193,suBLjA,suBLjA.tif
A0194,LpTNOd,LpTNOd.tif
A0195,VQZQct,VQZQct.tif
A0196,MsbllX,MsbllX.tif
A0197,xDrXNO,xDrXNO.tif
A0198,BJRsHH,BJRsHH.tif
A0199,cbYiSG,cbYiSG.tif
A0200,HlMKmO,HlMKmO.tif
A0201,WmnJlk,WmnJlk.tif
A0202,RiGCvJ,RiGCvJ.tif
A0203,rnkxgc,rnkxgc.tif
A0204,WISaXn,WISaXn.tif
A0205,lbEDIe,lbEDIe.tif
A0206,wrcXmd,wrcXmd.tif
A0207,kgGFgz,kgGFgz.tif
A0208,DybpvH,DybpvH.tif
A0209,EFFZGL,EFFZGL.tif
A0210,RReCvP,RReCvP.tif
A0211,wCtpWn,wCtpWn.tif
A0212,AgHJHk,AgHJHk.tif
A0213,nlrjsD,nlrjsD.tif
A0214,QifQov,QifQov.tif
A0215,aUqscA,aUqscA.tif
A0216,iucuSG,iucuSG.tif
A0217,gGmenI,gGmenI.tif
A0218,lKgbhR,lKgbhR.tif
A0219,TtEFHU,TtEFHU.tif
A0220,nitIbq,nitIbq.tif
A0221,ygUfnz,ygUfnz.tif
A0222,byKZtZ,byKZtZ.tif
A0223,AmKhCF,AmKhCF.tif
A0224,Cswmyg,Cswmyg.tif
A0225,jvXvFa,jvXvFa.tif
A0226,pguJVU,pguJVU.tif
A0227,DCVZMy,DCVZMy.tif
A0228,uAmXhA,uAmXhA.tif
A0229,FFjhFF,FFjhFF.tif
A0230,pilDPr,pilDPr.tif
A0231,czmeik,czmeik.tif
A0232,IVTFsN,IVTFsN.tif
A0233,SbJFMl,SbJFMl.tif
A0234,uszPWm,uszPWm.tif
A0235,MoeHVW,MoeHVW.tif
A0236,duBPqh,duBPqh.tif
A0237,UUGlnP,UUGlnP.tif
A0238,thPgqv,thPgqv.tif
A0239,IKpStR,IKpStR.tif
A0240,wxicBn,wxicBn.tif
A0241,hwjpUv,hwjpUv.tif
A0242,yoWbSr,yoWbSr.tif
A0243,TAkRdJ,TAkRdJ.tif
A0244,ukFXDa,ukFXDa.tif
A0245,ewZltn,ewZltn.tif
A0246,tJulsC,tJulsC.tif
A0247,UaIerj,UaIerj.tif
A0248,WnmoCE,WnmoCE.tif
A0249,lrlUiT,lrlUiT.tif
A0250,gZpzwW,gZpzwW.tif
A0251,sMIKlC,sMIKlC.tif
A0252,uaxyGZ,uaxyGZ.tif
A0253,JWnfZO,JWnfZO.tif
A0254,Mrkoyg,Mrkoyg.tif
A0255,KoIkmh,KoIkmh.tif
A0256,yThbRl,yThbRl.tif
A0257,bKAvJC,bKAvJC.tif
A0258,wdojtS,wdojtS.tif
A0259,AxIscf,AxIscf.tif
A0260,tBOAoR,tBOAoR.tif
A0261,IHbNVB,IHbNVB.tif
A0262,tkUgbv,tkUgbv.tif
A0263,QfFQZX,QfFQZX.tif
A0264,KcRjEb,KcRjEb.tif
A0265,ncTvWT,ncTvWT.tif
A0266,zlWSzF,zlWSzF.tif
A0267,tRwjJU,tRwjJU.tif
A0268,FqmTsY,FqmTsY.tif
A0269,wahnmn,wahnmn.tif
A0270,pNERHE,pNERHE.tif
A0271,mjAsTZ,mjAsTZ.tif
A0272,YlaGTD,YlaGTD.tif
A0273,jfkfSc,jfkfSc.tif
A0274,pHkUof,pHkUof.tif
A0275,dUGFGZ,dUGFGZ.tif
A0276,AXZqVG,AXZqVG.tif
A0277,GxPWal,GxPWal.tif
A0278,XDgHbT,XDgHbT.tif
A0279,VrcPDi,VrcPDi.tif
A0280,kUMRVO,kUMRVO.tif
A0281,RnaAJa,RnaAJa.tif
A0282,bNyvrV,bNyvrV.tif
A0283,bLdfoa,bLdfoa.tif
A0284,oLKWFR,oLKWFR.tif
A0285,BLHivy,BLHivy.tif
A0286,wyGdCs,wyGdCs.tif
A0287,noEyqE,noEyqE.tif
A0288,QkSGPP,QkSGPP.tif
A0289,dlHtCy,dlHtCy.tif
A0290,HiDuUL,HiDuUL.tif
A0291,HIlCPq,HIlCPq.tif
A0292,dQIxhG,dQIxhG.tif
A0293,TKTbBa,TKTbBa.tif
A0294,XfjhVK,XfjhVK.tif
A0295,IWosDY,IWosDY.tif
A0296,rOObNt,rOObNt.tif
A0297,PsoAMx,PsoAMx.tif
A0298,rkgAYi,rkgAYi.tif
A0299,fxTWgT,fxTWgT.tif
A0300,lhnJeB,lhnJeB.tif
A0301,dEYAaT,dEYAaT.tif
A0302,idcgeD,idcgeD.tif
A0303,Haqcxv,Haqcxv.tif
A0304,kqyeoh,kqyeoh.tif
A0305,COrGZv,COrGZv.tif
A0306,ZEmBKh,ZEmBKh.tif
A0307,yFdjma,yFdjma.tif
A0308,VoqEUc,VoqEUc.tif
A0309,yBIRye,yBIRye.tif
A0310,IepDia,IepDia.tif
A0311,dKYhPW,dKYhPW.tif
A0312,oOfMns,oOfMns.tif
A0313,bRdFHZ,bRdFHZ.tif
A0314,LkQdlu,LkQdlu.tif
A0315,dbpxsL,dbpxsL.tif
A0316,sMExJh,sMExJh.tif
A0317,TvPRiR,TvPRiR.tif
A0318,NaUvsc,NaUvsc.tif
A0319,JGQVzM,JGQVzM.tif
A0320,prDwbM,prDwbM.tif
A0321,EkoLbf,EkoLbf.tif
A0322,qgGGGO,qgGGGO.tif
A0323,ADQdIk,ADQdIk.tif
A0324,dhGQJN,dhGQJN.tif
A0325,pFdpGD,pFdpGD.tif
A0326,rGiHtN,rGiHtN.tif
A0327,sIsseW,sIsseW.tif
A0328,SVSNxK,SVSNxK.tif
A0329,GFMdiy,GFMdiy.tif
A0330,ICnAGf,ICnAGf.tif
A0331,oGcqcs,oGcqcs.tif
A0332,bHeJSH,bHeJSH.tif
A0333,sVGKkM,sVGKkM.tif
A0334,AeUUJF,AeUUJF.tif
A0335,RfhLOj,RfhLOj.tif
A0336,LQblcr,LQblcr.tif
A0337,fsoJVH,fsoJVH.tif
A0338,OyWUTZ,OyWUTZ.tif
A0339,YdQljm,YdQljm.tif
A0340,ApQjix,ApQjix.tif
A0341,abCtiP,abCtiP.tif
A0342,EuISYS,EuISYS.tif
A0343,hcFixm,hcFixm.tif
A0344,WrNgMB,WrNgMB.tif
A0345,nFMRBy,nFMRBy.tif
A0346,dFcmch,dFcmch.tif
A0347,fKUIOU,fKUIOU.tif
A0348,trShzP,trShzP.tif
A0349,OhjVts,OhjVts.tif
A0350,WDlyMC,WDlyMC.tif
A0351,danvOB,danvOB.tif
A0352,ilSULi,ilSULi.tif
A0353,gZVEBx,gZVEBx.tif
A0354,nsalUN,nsalUN.tif
A0355,vPnPDu,vPnPDu.tif
A0356,nPvfPy,nPvfPy.tif
A0357,ZfWdme,ZfWdme.tif
A0358,SXpdqR,SXpdqR.tif
A0359,KqgNOs,KqgNOs.tif
A0360,xshKep,xshKep.tif
A0361,vtZAou,vtZAou.tif
A0362,nlQNIZ,nlQNIZ.tif
A0363,cIvLcc,cIvLcc.tif
A0364,UTaDrA,UTaDrA.tif
A0365,DVjoyQ,DVjoyQ.tif
A0366,SPpvpd,SPpvpd.tif
A0367,cklzIj,cklzIj.tif
A0368,ueyrGp,ueyrGp.tif
A0369,ltsaFo,ltsaFo.tif
A0370,rAvYCu,rAvYCu.tif
A0371,itzfmm,itzfmm.tif
A0372,hFlMxW,hFlMxW.tif
A0373,IxnRVA,IxnRVA.tif
A0374,mcmMJQ,mcmMJQ.tif
A0375,CLlmaV,CLlmaV.tif
A0376,WLKjXo,WLKjXo.tif
A0377,Xoganp,Xoganp.tif
A0378,jRUpRT,jRUpRT.tif
A0379,SNHWOB,SNHWOB.tif
A0380,IDAMqd,IDAMqd.tif
A0381,xwqqrZ,xwqqrZ.tif
A0382,lTXYhH,lTXYhH.tif
A0383,uzBMno,uzBMno.tif
A0384,aBpDgp,aBpDgp.tif
A0385,FMCOin,FMCOin.tif
A0386,FAUXIN,FAUXIN.tif
A0387,ZXGsdr,ZXGsdr.tif
A0388,CsIvKa,CsIvKa.tif
A0389,YItHEz,YItHEz.tif
A0390,MUMoXE,MUMoXE.tif
A0391,mVlwxO,mVlwxO.tif
A0392,JFrRDu,JFrRDu.tif
A0393,UZBIye,UZBIye.tif
A0394,dBTQjn,dBTQjn.tif
A0395,jPoRJj,jPoRJj.tif
A0396,YVzSWU,YVzSWU.tif
A0397,lXuwzH,lXuwzH.tif
A0398,pnoNzw,pnoNzw.tif
A0399,pjuirz,pjuirz.tif
A0400,fimdcY,fimdcY.tif
A0401,yZuibB,yZuibB.tif
A0402,iMfcWK,iMfcWK.tif
A0403,cqGcyx,cqGcyx.tif
A0404,BPrFYq,BPrFYq.tif
A0405,lqmbJo,lqmbJo.tif
A0406,KpzEWw,KpzEWw.tif
A0407,NryEWy,NryEWy.tif
A0408,MCgrJW,MCgrJW.tif
A0409,Kkpxbk,Kkpxbk.tif
A0410,IgkNiV,IgkNiV.tif
A0411,sYGUAN,sYGUAN.tif
A0412,RIjFAF,RIjFAF.tif
A0413,jSDUga,jSDUga.tif
A0414,nylLPw,nylLPw.tif
A0415,ZlwrYw,ZlwrYw.tif
A0416,gTSeJj,gTSeJj.tif
A0417,dDzhno,dDzhno.tif
A0418,umdmGv,umdmGv.tif
A0419,fibHYJ,fibHYJ.tif
A0420,PYkpXn,PYkpXn.tif
A0421,TFIXFY,TFIXFY.tif
A0422,ntOtlq,ntOtlq.tif
A0423,fiMgKi,fiMgKi.tif
A0424,DDnGIb,DDnGIb.tif
A0425,HgIAwj,HgIAwj.tif
A0426,eNnjKj,eNnjKj.tif
A0427,tRtdrt,tRtdrt.tif
A0428,ErpyWw,ErpyWw.tif
A0429,jdvYTU,jdvYTU.tif
A0430,EJrCno,EJrCno.tif
A0431,GCEJXL,GCEJXL.tif
A0432,SXZcns,SXZcns.tif
A0433,XZYiit,XZYiit.tif
A0434,nmXKMZ,nmXKMZ.tif
A0435,NILPQX,NILPQX.tif
A0436,XkqMKq,XkqMKq.tif
A0437,PhdKhV,PhdKhV.tif
A0438,eoQNot,eoQNot.tif
A0439,CnGovY,CnGovY.tif
A0440,ZtLnyS,ZtLnyS.tif
A0441,UZDufw,UZDufw.tif
A0442,TejIOJ,TejIOJ.tif
A0443,YnHwKB,YnHwKB.tif
A0444,rZGbDL,rZGbDL.tif
A0445,GZyjpu,GZyjpu.tif
A0446,PzCYOX,PzCYOX.tif
A0447,bgQBBc,bgQBBc.tif
A0448,mqpnhZ,mqpnhZ.tif
A0449,lcRaoZ,lcRaoZ.tif
A0450,bXGMGT,bXGMGT.tif
A0451,aunITF,aunITF.tif
A0452,wIrCqL,wIrCqL.tif
A0453,oiPUJA,oiPUJA.tif
A0454,kOnmAz,kOnmAz.tif
A0455,JJcNPA,JJcNPA.tif
A0456,yQVmEF,yQVmEF.tif
A0457,Ghcmfl,Ghcmfl.tif
A0458,grqUlt,grqUlt.tif
A0459,IOoRBo,IOoRBo.tif
A0460,HrODVJ,HrODVJ.tif
A0461,BQXHYD,BQXHYD.tif
A0462,WsezZA,WsezZA.tif
A0463,YZclIX,YZclIX.tif
A0464,UUyFpQ,UUyFpQ.tif
A0465,AaaNGk,AaaNGk.tif
A0466,Srobyk,Srobyk.tif
A0467,jthCUU,jthCUU.tif
A0468,DRpwes,DRpwes.tif
A0469,EVkKEK,EVkKEK.tif
A0470,bxsggU,bxsggU.tif
A0471,TxBthT,TxBthT.tif
A0472,dhButD,dhButD.tif
A0473,XsTPNL,XsTPNL.tif
A0474,WBmFdm,WBmFdm.tif
A0475,YZQBsY,YZQBsY.tif
A0476,aArFVd,aArFVd.tif
A0477,IcnuxG,IcnuxG.tif
A0478,fllxeU,fllxeU.tif
A0479,jSdBOc,jSdBOc.tif
A0480,dAietj,dAietj.tif
A0481,TtQlYe,TtQlYe.tif
A0482,FVNYbM,FVNYbM.tif
A0483,LOoRyz,LOoRyz.tif
A0484,vfpSNc,vfpSNc.tif
A0485,mqmMvI,mqmMvI.tif
A0486,MBJryn,MBJryn.tif
A0487,WHyeoD,WHyeoD.tif
A0488,oCsKhd,oCsKhd.tif
A0489,NaxaeM,NaxaeM.tif
A0490,pZUxjY,pZUxjY.tif
A0491,ZEUMik,ZEUMik.tif
A0492,gyrHBX,gyrHBX.tif
A0493,SnncEG,SnncEG.tif
A0494,EEyeOQ,EEyeOQ.tif
A0495,iMPMDi,iMPMDi.tif
A0496,cGuOBn,cGuOBn.tif
A0497,dcIgWR,dcIgWR.tif
A0498,zKAyIc,zKAyIc.tif
A0499,ZkVnQg,ZkVnQg.tif
A0500,nRJrBK,nRJrBK.tif
A0501,uTsGyy,uTsGyy.tif
A0502,nQhdgf,nQhdgf.tif
A0503,QIgzZg,QIgzZg.tif
A0504,NktkTq,NktkTq.tif
A0505,hRetvS,hRetvS.tif
A0506,lMTjrc,lMTjrc.tif
A0507,WVRPLq,WVRPLq.tif
A0508,eAxVzL,eAxVzL.tif
A0509,FbifUc,FbifUc.tif
A0510,IblsbK,IblsbK.tif
A0511,auADjl,auADjl.tif
A0512,QEygyt,QEygyt.tif
A0513,CPGSiB,CPGSiB.tif
A0514,dIdzOW,dIdzOW.tif
A0515,ttygUE,ttygUE.tif
A0516,UcVlmC,UcVlmC.tif
A0517,QJElOm,QJElOm.tif
A0518,BJGFWg,BJGFWg.tif
A0519,TeoBLq,TeoBLq.tif
A0520,peLbys,peLbys.tif
A0521,IFCTGf,IFCTGf.tif
A0522,EaFosV,EaFosV.tif
A0523,NjTTQA,NjTTQA.tif
A0524,szWrgK,szWrgK.tif
A0525,xZWApB,xZWApB.tif
A0526,qYSHMN,qYSHMN.tif
A0527,gCDIHg,gCDIHg.tif
A0528,JZdvTB,JZdvTB.tif
A0529,dpSHhf,dpSHhf.tif
A0530,xePmvy,xePmvy.tif
A0531,KfmfWT,KfmfWT.tif
A0532,epNYAh,epNYAh.tif
A0533,TtNeyn,TtNeyn.tif
A0534,lYfhCw,lYfhCw.tif
A0535,exLvyo,exLvyo.tif
A0536,TqzMgO,TqzMgO.tif
A0537,xwhnkk,xwhnkk.tif
A0538,zsBZyN,zsBZyN.tif
A0539,QTnSHi,QTnSHi.tif
A0540,EdJzSD,EdJzSD.tif
A0541,Gokeax,Gokeax.tif
A0542,njTnHj,njTnHj.tif
A0543,xGdsGH,xGdsGH.tif
A0544,vveQmy,vveQmy.tif
A0545,gjIYFX,gjIYFX.tif
A0546,EFLHlT,EFLHlT.tif
A0547,vBSmUQ,vBSmUQ.tif
A0548,VlqTiL,VlqTiL.tif
A0549,cUJzxu,cUJzxu.tif
A0550,itARcx,itARcx.tif
A0551,QQFaGU,QQFaGU.tif
A0552,WXKEXB,WXKEXB.tif
A0553,KAftmU,KAftmU.tif
A0554,JfoRpc,JfoRpc.tif
A0555,TicIkJ,TicIkJ.tif
A0556,nZtlIt,nZtlIt.tif
A0557,GMfUVn,GMfUVn.tif
A0558,wpxqNj,wpxqNj.tif
A0559,dSxLtS,dSxLtS.tif
A0560,fQHBiI,fQHBiI.tif
A0561,sXKDfV,sXKDfV.tif
A0562,GXDuBI,GXDuBI.tif
A0563,IrcZAn,IrcZAn.tif
A0564,ozAcXW,ozAcXW.tif
A0565,ZYEiSQ,ZYEiSQ.tif
A0566,GfFsXU,GfFsXU.tif
A0567,KUyknE,KUyknE.tif
A0568,dyPSUc,dyPSUc.tif
A0569,xJPXms,xJPXms.tif
A0570,hhKAQF,hhKAQF.tif
A0571,OWiMKt,OWiMKt.tif
A0572,OJlYbI,OJlYbI.tif
A0573,EdjjTa,EdjjTa.tif
A0574,KFURyY,KFURyY.tif
A0575,LlThEL,LlThEL.tif
A0576,bkOOpk,bkOOpk.tif
A0577,HsFfGy,HsFfGy.tif
A0578,ipPBCH,ipPBCH.tif
A0579,BhiEHI,BhiEHI.tif
A0580,aSkZjb,aSkZjb.tif
A0581,fDpxos,fDpxos.tif
A0582,aByTJq,aByTJq.tif
A0583,oSLMgE,oSLMgE.tif
A0584,GAaDyH,GAaDyH.tif
A0585,nxyJOm,nxyJOm.tif
A0586,bpCOzz,bpCOzz.tif
A0587,NKjPeh,NKjPeh.tif
A0588,dMXHfg,dMXHfg.tif
A0589,QNEMUp,QNEMUp.tif
A0590,LoKmRP,LoKmRP.tif
A0591,UIBNzt,UIBNzt.tif
A0592,WBSDWI,WBSDWI.tif
A0593,eJWEjD,eJWEjD.tif
A0594,ZAGYow,ZAGYow.tif
A0595,pjVIkw,pjVIkw.tif
A0596,QzuJJp,QzuJJp.tif
A0597,jLRSel,jLRSel.tif
A0598,ZLLALq,ZLLALq.tif
A0599,AJoJGJ,AJoJGJ.tif
A0600,PfIudR,PfIudR.tif
A0601,TDOwwU,TDOwwU.tif
A0602,zAZIAC,zAZIAC.tif
A0603,ZcXatx,ZcXatx.tif
A0604,crIFua,crIFua.tif
A0605,mkAJxy,mkAJxy.tif
A0606,hraqks,hraqks.tif
A0607,kVAgnO,kVAgnO.tif
A0608,YZZsuD,YZZsuD.tif
A0609,HgOxbG,HgOxbG.tif
A0610,Knisoq,Knisoq.tif
A0611,NyUSVs,NyUSVs.tif
A0612,SuZkSD,SuZkSD.tif
A0613,aGlMTu,aGlMTu.tif
A0614,dpvtRX,dpvtRX.tif
A0615,iGkmiK,iGkmiK.tif
A0616,pRKAnw,pRKAnw.tif
A0617,xApecA,xApecA.tif
A0618,ysqjTj,ysqjTj.tif
A0619,OCzoBb,OCzoBb.tif
A0620,kCyXbO,kCyXbO.tif
A0621,INTOLl,INTOLl.tif
A0622,HWnXOe,HWnXOe.tif
A0623,ANLtCN,ANLtCN.tif
A0624,jjelSV,jjelSV.tif
A0625,LqiWPH,LqiWPH.tif
A0626,gNcVnp,gNcVnp.tif
A0627,JCnzlC,JCnzlC.tif
A0628,pBedcs,pBedcs.tif
A0629,QOfSlv,QOfSlv.tif
A0630,pjTmyi,pjTmyi.tif
A0631,CxVwma,CxVwma.tif
A0632,WPaaMQ,WPaaMQ.tif
A0633,UHEckD,UHEckD.tif
A0634,Rztbko,Rztbko.tif
A0635,xJcbRx,xJcbRx.tif
A0636,lntmQB,lntmQB.tif
A0637,WXKYXt,WXKYXt.tif
A0638,ikViEo,ikViEo.tif
A0639,iPrKno,iPrKno.tif
A0640,VIElEw,VIElEw.tif
A0641,zEGkEZ,zEGkEZ.tif
A0642,BNHZKA,BNHZKA.tif
A0643,jayoii,jayoii.tif
A0644,IulNfc,IulNfc.tif
A0645,igfNuN,igfNuN.tif
A0646,wiHqKR,wiHqKR.tif
A0647,msggFC,msggFC.tif
A0648,DBIstR,DBIstR.tif
A0649,oaxaJk,oaxaJk.tif
A0650,LfGflc,LfGflc.tif
A0651,WxYmNO,WxYmNO.tif
A0652,gbibiT,gbibiT.tif
A0653,GeCenu,GeCenu.tif
A0654,jWeTYw,jWeTYw.tif
A0655,rZvuzn,rZvuzn.tif
A0656,GhyGQc,GhyGQc.tif
A0657,dVAGLw,dVAGLw.tif
A0658,NBHyzy,NBHyzy.tif
A0659,UxPJZf,UxPJZf.tif
A0660,ioCcBR,ioCcBR.tif
A0661,fOfvzh,fOfvzh.tif
A0662,fOwgae,fOwgae.tif
A0663,DkffnX,DkffnX.tif
A0664,FLUvlL,FLUvlL.tif
A0665,vrqqJx,vrqqJx.tif
A0666,SrtdhO,SrtdhO.tif
A0667,zGAoWs,zGAoWs.tif
A0668,XFlkHK,XFlkHK.tif
A0669,AZdaMu,AZdaMu.tif
A0670,ZTARNs,ZTARNs.tif
A0671,vekQRr,vekQRr.tif
A0672,XEWpRm,XEWpRm.tif
A0673,IpbSgl,IpbSgl.tif
A0674,HeHMGq,HeHMGq.tif
A0675,dUnARW,dUnARW.tif
A0676,ZwfkPy,ZwfkPy.tif
A0677,medIGq,medIGq.tif
A0678,FikteK,FikteK.tif
A0679,sSSHrh,sSSHrh.tif
A0680,tcrOvQ,tcrOvQ.tif
A0681,SJwHBB,SJwHBB.tif
A0682,cCDOEW,cCDOEW.tif
A0683,UgcmIJ,UgcmIJ.tif
A0684,UeTZuC,UeTZuC.tif
A0685,kZSDHa,kZSDHa.tif
A0686,vcrGar,vcrGar.tif
A0687,FmyQWG,FmyQWG.tif
A0688,MRGBcb,MRGBcb.tif
A0689,fUHAmB,fUHAmB.tif
A0690,DUsLwq,DUsLwq.tif
A0691,sQIBpD,sQIBpD.tif
A0692,HRlrrb,HRlrrb.tif
A0693,ttOmZq,ttOmZq.tif
A0694,wyFkvB,wyFkvB.tif
A0695,jpiHPP,jpiHPP.tif
A0696,lEImqN,lEImqN.tif
A0697,kNBtvT,kNBtvT.tif
A0698,eJhBcU,eJhBcU.tif
A0699,JVGcZx,JVGcZx.tif
A0700,EOCicA,EOCicA.tif
A0701,SmjAXU,SmjAXU.tif
A0702,WLqzxH,WLqzxH.tif
A0703,OQNsAH,OQNsAH.tif
A0704,rNasKq,rNasKq.tif
A0705,RfkdRg,RfkdRg.tif
A0706,QeGSaj,QeGSaj.tif
A0707,sFGUbd,sFGUbd.tif
A0708,tAMhvG,tAMhvG.tif
A0709,baVpqY,baVpqY.tif
A0710,sUuffu,sUuffu.tif
A0711,hhBHtu,hhBHtu.tif
A0712,uiczQw,uiczQw.tif
A0713,DMFORu,DMFORu.tif
A0714,wYrUuW,wYrUuW.tif
A0715,WTtLZD,WTtLZD.tif
A0716,DBWwpY,DBWwpY.tif
A0717,MIOxgJ,MIOxgJ.tif
A0718,DROfEG,DROfEG.tif
A0719,mXYUMd,mXYUMd.tif
A0720,aoimpn,aoimpn.tif
A0721,VpVnJN,VpVnJN.tif
A0722,VFvjdQ,VFvjdQ.tif
A0723,rwrRme,rwrRme.tif
A0724,azvzjQ,azvzjQ.tif
A0725,dqFude,dqFude.tif
A0726,kEfKqa,kEfKqa.tif
A0727,soJzmT,soJzmT.tif
A0728,Xqhcts,Xqhcts.tif
A0729,ftaVFh,ftaVFh.tif
A0730,qlGkdt,qlGkdt.tif
A0731,MVKhxz,MVKhxz.tif
A0732,sMYnOx,sMYnOx.tif
A0733,itTvCP,itTvCP.tif
A0734,NyjdSm,NyjdSm.tif
A0735,AixICq,AixICq.tif
A0736,vulWjj,vulWjj.tif
A0737,pGqJhV,pGqJhV.tif
A0738,XNGFlY,XNGFlY.tif
A0739,MyUUUL,MyUUUL.tif
A0740,cuZjUW,cuZjUW.tif
A0741,vlxWSE,vlxWSE.tif
A0742,nFXrzi,nFXrzi.tif
A0743,KMebop,KMebop.tif
A0744,uqOhuI,uqOhuI.tif
A0745,gRwakq,gRwakq.tif
A0746,BoHmef,BoHmef.tif
A0747,bdIHoI,bdIHoI.tif
A0748,MlZzdH,MlZzdH.tif
A0749,QqcApX,QqcApX.tif
A0750,begAQd,begAQd.tif
A0751,gKnXNL,gKnXNL.tif
A0752,eCzGqK,eCzGqK.tif
A0753,OiXBkr,OiXBkr.tif
A0754,DYhvJK,DYhvJK.tif
A0755,IlISLl,IlISLl.tif
A0756,kXUMFH,kXUMFH.tif
A0757,yryqps,yryqps.tif
A0758,ggsfyK,ggsfyK.tif
A0759,SfMrrk,SfMrrk.tif
A0760,NtmKNV,NtmKNV.tif
A0761,bRzcML,bRzcML.tif
A0762,MRlwSL,MRlwSL.tif
A0763,rUgRFc,rUgRFc.tif
A0764,USwqwg,USwqwg.tif
A0765,YYczFp,YYczFp.tif
A0766,nLQsID,nLQsID.tif
A0767,KbrXBF,KbrXBF.tif
A0768,Undnxd,Undnxd.tif
A0769,CfZnTx,CfZnTx.tif
A0770,hCaAap,hCaAap.tif
A0771,WrcwOA,WrcwOA.tif
A0772,uUWTGv,uUWTGv.tif
A0773,kBLjZF,kBLjZF.tif
A0774,IFPUVF,IFPUVF.tif
A0775,mRDyPe,mRDyPe.tif
A0776,jufpkb,jufpkb.tif
A0777,JWTWIh,JWTWIh.tif
A0778,xIwdci,xIwdci.tif
A0779,JOJOaS,JOJOaS.tif
A0780,yqBNwJ,yqBNwJ.tif
A0781,bknBtI,bknBtI.tif
A0782,xnMkcq,xnMkcq.tif
A0783,bhtvqW,bhtvqW.tif
A0784,SAVrWP,SAVrWP.tif
A0785,SvNYGn,SvNYGn.tif
A0786,TKfUEd,TKfUEd.tif
A0787,LnkcfC,LnkcfC.tif
A0788,EUrqYH,EUrqYH.tif
A0789,fhBwRj,fhBwRj.tif
A0790,GspJxP,GspJxP.tif
A0791,nKwNIx,nKwNIx.tif
A0792,EshwMu,EshwMu.tif
A0793,TZCMyH,TZCMyH.tif
A0794,OvAzWn,OvAzWn.tif
A0795,yoLMEb,yoLMEb.tif
A0796,ivmBgU,ivmBgU.tif
A0797,eodaWy,eodaWy.tif
A0798,mNiySE,mNiySE.tif
A0799,MhBtQq,MhBtQq.tif
A0800,oZFEzR,oZFEzR.tif
A0801,fNHdOo,fNHdOo.tif
A0802,PVJsZk,PVJsZk.tif
A0803,oEHZPl,oEHZPl.tif
A0804,zDcmTk,zDcmTk.tif
A0805,XmqyVD,XmqyVD.tif
A0806,YZsErz,YZsErz.tif
A0807,lFjZVb,lFjZVb.tif
A0808,YGSTBF,YGSTBF.tif
A0809,whWQOU,whWQOU.tif
A0810,qBnHnq,qBnHnq.tif
A0811,hcDxqv,hcDxqv.tif
A0812,CeZzsW,CeZzsW.tif
A0813,snShje,snShje.tif
A0814,lOZdME,lOZdME.tif
A0815,JnoTss,JnoTss.tif
A0816,ABscAs,ABscAs.tif
A0817,JHfdtK,JHfdtK.tif
A0818,oSTgAU,oSTgAU.tif
A0819,PLIfIM,PLIfIM.tif
A0820,oKMLTX,oKMLTX.tif
A0821,bAKtBx,bAKtBx.tif
A0822,yKkmKe,yKkmKe.tif
A0823,tiHJMe,tiHJMe.tif
A0824,XXsXNL,XXsXNL.tif
A0825,hxNTgX,hxNTgX.tif
A0826,eiKfow,eiKfow.tif
A0827,flLdyN,flLdyN.tif
A0828,ztXQUZ,ztXQUZ.tif
A0829,msLWCz,msLWCz.tif
A0830,RfIoLS,RfIoLS.tif
A0831,CIXWKD,CIXWKD.tif
A0832,AnvIqJ,AnvIqJ.tif
A0833,rZeAoF,rZeAoF.tif
A0834,uiAloa,uiAloa.tif
A0835,RcIlof,RcIlof.tif
A0836,jgUbYz,jgUbYz.tif
A0837,hUtEHf,hUtEHf.tif
A0838,CAtFIC,CAtFIC.tif
A0839,QUUFxH,QUUFxH.tif
A0840,GgauNX,GgauNX.tif
A0841,RtKhOo,RtKhOo.tif
A0842,soeyPc,soeyPc.tif
A0843,HPGvEn,HPGvEn.tif
A0844,omlZwJ,omlZwJ.tif
A0845,KADwry,KADwry.tif
A0846,kuIkQi,kuIkQi.tif
A0847,rOVGHE,rOVGHE.tif
A0848,gEyWkL,gEyWkL.tif
A0849,OIdtdc,OIdtdc.tif
A0850,nwUCOi,nwUCOi.tif
A0851,fddeKm,fddeKm.tif
A0852,fSjfNx,fSjfNx.tif
A0853,IbfPSp,IbfPSp.tif
A0854,CZSWxK,CZSWxK.tif
A0855,vLARMq,vLARMq.tif
A0856,NMmwpI,NMmwpI.tif
A0857,txePUu,txePUu.tif
A0858,VqzQsJ,VqzQsJ.tif
A0859,VAHrju,VAHrju.tif
A0860,pKYLdF,pKYLdF.tif
A0861,Yrewld,Yrewld.tif
A0862,TQXaLW,TQXaLW.tif
A0863,biZPiF,biZPiF.tif
A0864,GwvBSK,GwvBSK.tif
A0865,oCUilL,oCUilL.tif
A0866,rKpmPD,rKpmPD.tif
A0867,LToiqt,LToiqt.tif
A0868,PWXhdf,PWXhdf.tif
A0869,vQAtcm,vQAtcm.tif
A0870,IFgXMh,IFgXMh.tif
A0871,EEgtrq,EEgtrq.tif
A0872,PMZLQG,PMZLQG.tif
A0873,vHUirO,vHUirO.tif
A0874,UIRHVq,UIRHVq.tif
A0875,qVLqRH,qVLqRH.tif
A0876,qInXKo,qInXKo.tif
A0877,klTShc,klTShc.tif
A0878,qxqNJI,qxqNJI.tif
A0879,QzmgVH,QzmgVH.tif
A0880,PCUpVc,PCUpVc.tif
A0881,VJREVj,VJREVj.tif
A0882,TXZolp,TXZolp.tif
A0883,OiwkMg,OiwkMg.tif
A0884,NZbnJp,NZbnJp.tif
A0885,sydckj,sydckj.tif
A0886,lOEPhO,lOEPhO.tif
A0887,tHqvhM,tHqvhM.tif
A0888,pkTcre,pkTcre.tif
A0889,ygEGbi,ygEGbi.tif
A0890,gAdvAi,gAdvAi.tif
A0891,fMRzcU,fMRzcU.tif
A0892,sBtfTc,sBtfTc.tif
A0893,bTuFHf,bTuFHf.tif
A0894,zGrbpc,zGrbpc.tif
A0895,artHFZ,artHFZ.tif
A0896,sPyhvu,sPyhvu.tif
A0897,yFKcbW,yFKcbW.tif
A0898,kzSiyZ,kzSiyZ.tif
A0899,tgPTAC,tgPTAC.tif
A0900,TwcFql,TwcFql.tif
